Id,Churn
0,0.050978445
1,0.5994469
2,0.67285794
3,0.015668046
4,0.0071487976
5,0.10059577
6,0.2754711
7,0.30453834
8,0.03833882
9,0.38450512
10,0.18305825
11,0.17146046
12,0.327635
13,0.118696325
14,0.016125146
15,0.04119025
16,0.14228383
17,0.31050706
18,0.024796586
19,0.0311876
20,0.14280078
21,0.0097383205
22,0.7632438
23,0.4358168
24,0.14236087
25,0.4337758
26,0.113355204
27,0.03866326
28,0.047823593
29,0.006336159
30,0.58366245
31,0.25260082
32,0.75979215
33,0.50690526
34,0.05978636
35,0.04427215
36,0.5506092
37,0.061783355
38,0.15123127
39,0.032061964
40,0.31412867
41,0.53680396
42,0.41869694
43,0.22780146
44,0.3538177
45,0.30829802
46,0.22627734
47,0.103298016
48,0.28217316
49,0.30413482
50,0.37164813
51,0.759198
52,0.2778655
53,0.13480519
54,0.5335748
55,0.0134472
56,0.031345896
57,0.68531287
58,0.5671963
59,0.23588021
60,0.025479803
61,0.63689953
62,0.16951129
63,0.18348253
64,0.71336967
65,0.013583305
66,0.22609682
67,0.4284352
68,0.01924218
69,0.6045463
70,0.5996685
71,0.6306874
72,0.051289015
73,0.53058
74,0.87593806
75,0.038030278
76,0.14408953
77,0.0584264
78,0.12224352
79,0.016056614
80,0.5733317
81,0.73669505
82,0.774711
83,0.17385437
84,0.30413482
85,0.06259868
86,0.07360277
87,0.38546485
88,0.30974254
89,0.30413482
90,0.17335592
91,0.11737772
92,0.8478764
93,0.7795636
94,0.006153619
95,0.04212042
96,0.17257243
97,0.70136404
98,0.3318265
99,0.64150995
100,0.024036113
101,0.84487456
102,0.013007249
103,0.47815087
104,0.0061845463
105,0.7597228
106,0.1994557
107,0.117604755
108,0.008525592
109,0.17119281
110,0.15435736
111,0.07947972
112,0.46440068
113,0.40668944
114,0.007554945
115,0.7997829
116,0.03485234
117,0.012299639
118,0.034127254
119,0.74502414
120,0.108357154
121,0.050078157
122,0.2847593
123,0.3482831
124,0.25853586
125,0.25542545
126,0.72709423
127,0.26559126
128,0.18810268
129,0.20011182
130,0.11337076
131,0.046290617
132,0.012634963
133,0.04573562
134,0.27142867
135,0.054829378
136,0.05477169
137,0.014088217
138,0.04765369
139,0.14716612
140,0.019508693
141,0.013661757
142,0.077540524
143,0.16106291
144,0.3005083
145,0.15583445
146,0.2934942
147,0.018848926
148,0.012367612
149,0.7100739
150,0.048457403
151,0.5172556
152,0.40152758
153,0.01796197
154,0.35108092
155,0.82102734
156,0.049481988
157,0.13028029
158,0.039021265
159,0.10644199
160,0.289225
161,0.67102903
162,0.101178415
163,0.034911238
164,0.5322111
165,0.08782931
166,0.07883979
167,0.17287265
168,0.04003115
169,0.5086848
170,0.8175444
171,0.026657913
172,0.33476883
173,0.39604756
174,0.108357154
175,0.49813718
176,0.057559334
177,0.0224427
178,0.021504786
179,0.80269533
180,0.16055894
181,0.09395725
182,0.07082706
183,0.108567804
184,0.1813999
185,0.022867475
186,0.08573036
187,0.012656957
188,0.046324637
189,0.033395212
190,0.016033351
191,0.014088217
192,0.11610481
193,0.045054384
194,0.44795057
195,0.12024443
196,0.04199406
197,0.1557258
198,0.41215342
199,0.5124961
200,0.45109332
201,0.675703
202,0.23771454
203,0.6250171
204,0.15016524
205,0.014993458
206,0.093913
207,0.5790275
208,0.6659241
209,0.5416546
210,0.26616758
211,0.08547667
212,0.51919025
213,0.036494356
214,0.022552792
215,0.5624582
216,0.85992485
217,0.7947043
218,0.18810551
219,0.53014666
220,0.49735934
221,0.029645877
222,0.05991159
223,0.12175168
224,0.016909871
225,0.6165074
226,0.28205967
227,0.068245426
228,0.47360852
229,0.37090874
230,0.012634963
231,0.019486403
232,0.2920386
233,0.01316568
234,0.038903326
235,0.045135256
236,0.7481212
237,0.31843296
238,0.084831774
239,0.399428
240,0.1258835
241,0.03802712
242,0.14341229
243,0.44270825
244,0.037800696
245,0.1962433
246,0.019689152
247,0.011704163
248,0.064667895
249,0.02035752
250,0.006470187
251,0.037999563
252,0.07779808
253,0.39137718
254,0.36900088
255,0.6302258
256,0.093736865
257,0.13448313
258,0.2275994
259,0.66201144
260,0.14267771
261,0.25093952
262,0.17601909
263,0.51349956
264,0.67934656
265,0.37055022
266,0.576987
267,0.3304787
268,0.22215787
269,0.099991865
270,0.008348547
271,0.013936563
272,0.33672264
273,0.5902311
274,0.037336133
275,0.34354898
276,0.014204521
277,0.08319331
278,0.15339048
279,0.04720743
280,0.5552858
281,0.11691965
282,0.55032814
283,0.006336159
284,0.13115504
285,0.014471589
286,0.012190406
287,0.012662171
288,0.10541874
289,0.7139778
290,0.37444997
291,0.6064391
292,0.06026964
293,0.49775776
294,0.47313175
295,0.074573494
296,0.10339264
297,0.49351424
298,0.0073447386
299,0.25891575
300,0.021779867
301,0.12836124
302,0.11446095
303,0.7573353
304,0.012699418
305,0.12541695
306,0.37052324
307,0.5121644
308,0.6459048
309,0.787025
310,0.067259334
311,0.016830927
312,0.16160315
313,0.06744557
314,0.4150062
315,0.7832998
316,0.039966293
317,0.35336602
318,0.6872857
319,0.49829993
320,0.32303858
321,0.6431135
322,0.4582233
323,0.11052173
324,0.030092752
325,0.76713026
326,0.018948913
327,0.25422513
328,0.005630011
329,0.3378612
330,0.14237545
331,0.2688117
332,0.30933172
333,0.14959444
334,0.63966036
335,0.11702963
336,0.0134472
337,0.2922958
338,0.036760952
339,0.029519305
340,0.4506038
341,0.24905995
342,0.06733237
343,0.27160308
344,0.011888167
345,0.032061964
346,0.37512287
347,0.40229574
348,0.013983139
349,0.39048848
350,0.07063705
351,0.024517002
352,0.26729837
353,0.06350791
354,0.33651158
355,0.016083244
356,0.7475019
357,0.56817937
358,0.654845
359,0.54341775
360,0.19094981
361,0.018230805
362,0.3479953
363,0.109482355
364,0.24794039
365,0.014088217
366,0.052010182
367,0.23005551
368,0.07275199
369,0.094779894
370,0.083123215
371,0.28575417
372,0.03536597
373,0.8302054
374,0.012249395
375,0.14999704
376,0.2141363
377,0.120542325
378,0.63157636
379,0.5460583
380,0.30823243
381,0.051497225
382,0.043308437
383,0.39169562
384,0.28036165
385,0.47168085
386,0.5400477
387,0.010620852
388,0.01202345
389,0.00660196
390,0.7466445
391,0.017513322
392,0.5738734
393,0.40756828
394,0.10386763
395,0.4553105
396,0.041010324
397,0.050778907
398,0.13030598
399,0.01572701
400,0.30293408
401,0.13157709
402,0.010236184
403,0.23597749
404,0.023126598
405,0.48532075
406,0.6232802
407,0.26684156
408,0.30413482
409,0.016125146
410,0.057552427
411,0.07982286
412,0.6109991
413,0.53193045
414,0.2900757
415,0.12787518
416,0.016563015
417,0.36366466
418,0.060125213
419,0.10979721
420,0.34171665
421,0.22909419
422,0.43273002
423,0.11097186
424,0.066062
425,0.6914315
426,0.1876927
427,0.04968686
428,0.85166436
429,0.20521018
430,0.039495006
431,0.1299223
432,0.60995054
433,0.63550574
434,0.57153547
435,0.6568529
436,0.017023528
437,0.049637713
438,0.19360936
439,0.35526156
440,0.17186852
441,0.24907504
442,0.2322368
443,0.049481988
444,0.3423195
445,0.014550853
446,0.024378343
447,0.035524648
448,0.43762675
449,0.04922044
450,0.54800946
451,0.46493652
452,0.0082430765
453,0.56817937
454,0.045366593
455,0.20536624
456,0.2040203
457,0.00909569
458,0.019127544
459,0.05975514
460,0.21362711
461,0.008068877
462,0.01730157
463,0.034651402
464,0.40229574
465,0.16196561
466,0.022593413
467,0.6814337
468,0.24120492
469,0.044057462
470,0.45316088
471,0.24632195
472,0.2900757
473,0.24652822
474,0.51309216
475,0.074571945
476,0.74306315
477,0.027479159
478,0.11842927
479,0.27193946
480,0.28959283
481,0.023619987
482,0.24855141
483,0.5817776
484,0.08200233
485,0.36619782
486,0.41616046
487,0.22973736
488,0.014502694
489,0.061953887
490,0.8321287
491,0.42632708
492,0.22954327
493,0.056572154
494,0.07711488
495,0.03270822
496,0.05114465
497,0.0700887
498,0.68605804
499,0.053756732
500,0.7788308
501,0.02156768
502,0.1583025
503,0.36059162
504,0.33869419
505,0.021061942
506,0.09066879
507,0.30304688
508,0.57356083
509,0.11374635
510,0.7505945
511,0.2358105
512,0.62964904
513,0.39206284
514,0.1541621
515,0.09832101
516,0.17661813
517,0.8875666
518,0.3602174
519,0.009194058
520,0.54462934
521,0.024424521
522,0.032510415
523,0.17176895
524,0.85992485
525,0.11363102
526,0.3143411
527,0.130632
528,0.56292844
529,0.10192295
530,0.041416444
531,0.09512088
532,0.12761796
533,0.33895776
534,0.7788308
535,0.67623824
536,0.47076482
537,0.07963054
538,0.44229573
539,0.1743492
540,0.54202837
541,0.7006425
542,0.14954403
543,0.13399895
544,0.16177605
545,0.2588778
546,0.43961155
547,0.04288177
548,0.29688415
549,0.06777788
550,0.0691185
551,0.033794276
552,0.01103727
553,0.1987865
554,0.11312855
555,0.08646514
556,0.714059
557,0.61437124
558,0.113044314
559,0.29643804
560,0.38928026
561,0.014923543
562,0.063324176
563,0.01590931
564,0.26635292
565,0.3003632
566,0.62655956
567,0.10269573
568,0.55496764
569,0.10513292
570,0.010696502
571,0.64612097
572,0.66775095
573,0.1583025
574,0.016548255
575,0.30899182
576,0.23069786
577,0.5067513
578,0.38085365
579,0.7500458
580,0.021061942
581,0.6081686
582,0.006026732
583,0.03321426
584,0.22713523
585,0.028981851
586,0.14790349
587,0.0875443
588,0.81357837
589,0.34028184
590,0.8712436
591,0.053167526
592,0.56257224
593,0.08625772
594,0.41805375
595,0.5552232
596,0.013007249
597,0.44251886
598,0.45630643
599,0.032399073
600,0.008421168
601,0.12930593
602,0.0912985
603,0.6121171
604,0.035177927
605,0.31280848
606,0.10543826
607,0.5892247
608,0.059074413
609,0.13317801
610,0.4967976
611,0.1583025
612,0.37790328
613,0.16034338
614,0.038068
615,0.01826186
616,0.4964715
617,0.18285425
618,0.018609047
619,0.19325773
620,0.039333798
621,0.32924396
622,0.70136404
623,0.85412174
624,0.048508722
625,0.11285182
626,0.029724572
627,0.021486154
628,0.58652574
629,0.12567182
630,0.50355566
631,0.042038493
632,0.5133874
633,0.03795653
634,0.49494624
635,0.03781826
636,0.0627662
637,0.25400093
638,0.1510398
639,0.60470057
640,0.8389002
641,0.20693363
642,0.17170812
643,0.17842756
644,0.37372503
645,0.033779357
646,0.114849105
647,0.11519807
648,0.012054177
649,0.033504702
650,0.02491783
651,0.7432624
652,0.039641853
653,0.1549189
654,0.16910015
655,0.56817937
656,0.17165159
657,0.19988506
658,0.035194665
659,0.33423033
660,0.051819395
661,0.031777684
662,0.4036977
663,0.2350208
664,0.042572435
665,0.68265635
666,0.88252014
667,0.22194254
668,0.029813074
669,0.012807015
670,0.042837627
671,0.49869284
672,0.57059556
673,0.2530479
674,0.71897906
675,0.11615091
676,0.016158571
677,0.31552938
678,0.37224725
679,0.6148246
680,0.4901758
681,0.18028168
682,0.014146341
683,0.43293726
684,0.08340998
685,0.32421517
686,0.04720743
687,0.022459839
688,0.24699284
689,0.23796214
690,0.66650784
691,0.7979672
692,0.31725338
693,0.26863652
694,0.035428725
695,0.59118885
696,0.2621392
697,0.012508952
698,0.05921478
699,0.18214527
700,0.075311
701,0.16841784
702,0.10560751
703,0.07797915
704,0.8559764
705,0.0134472
706,0.026769033
707,0.7568315
708,0.027575813
709,0.10676313
710,0.051765088
711,0.20929179
712,0.29154086
713,0.3057605
714,0.18782835
715,0.2052743
716,0.7033535
717,0.018056776
718,0.34743938
719,0.80067784
720,0.11052173
721,0.24981643
722,0.22258946
723,0.49468395
724,0.10830769
725,0.72175515
726,0.014207906
727,0.3967268
728,0.16831121
729,0.045447674
730,0.014759278
731,0.6359839
732,0.014471589
733,0.020757947
734,0.05166858
735,0.5473624
736,0.01924218
737,0.26241884
738,0.4254053
739,0.42376277
740,0.2646672
741,0.35410044
742,0.31123984
743,0.4812845
744,0.1279634
745,0.22358479
746,0.06331415
747,0.3469555
748,0.012634963
749,0.60631114
750,0.37443814
751,0.029869985
752,0.17383587
753,0.08497624
754,0.6114665
755,0.11333311
756,0.16698393
757,0.36442903
758,0.055438172
759,0.6411745
760,0.3536737
761,0.65155566
762,0.8151156
763,0.15658826
764,0.15623112
765,0.12545931
766,0.49235982
767,0.0224427
768,0.14959444
769,0.36526045
770,0.5924541
771,0.017751815
772,0.7458759
773,0.15182473
774,0.6066987
775,0.092317834
776,0.060608722
777,0.5868348
778,0.07658981
779,0.6780719
780,0.0651799
781,0.4933271
782,0.5595983
783,0.6728258
784,0.0082430765
785,0.517394
786,0.11052173
787,0.21004842
788,0.53386825
789,0.035893153
790,0.46577305
791,0.6792093
792,0.039829984
793,0.5157013
794,0.61287045
795,0.55939144
796,0.36666936
797,0.01473357
798,0.053950608
799,0.04455147
800,0.20158066
801,0.33573046
802,0.03781826
803,0.7012724
804,0.013953133
805,0.15792353
806,0.012508952
807,0.5038121
808,0.17591353
809,0.25535032
810,0.11344682
811,0.26355925
812,0.34459096
813,0.19214012
814,0.04649757
815,0.61037874
816,0.12533252
817,0.26526868
818,0.013984797
819,0.047273256
820,0.11242485
821,0.7611103
822,0.014502694
823,0.03420594
824,0.080256835
825,0.044280566
826,0.016125146
827,0.4421138
828,0.67741686
829,0.66143477
830,0.8301059
831,0.8389002
832,0.3003632
833,0.38296294
834,0.31780952
835,0.2988137
836,0.055887688
837,0.71897906
838,0.36727592
839,0.33659557
840,0.36267284
841,0.30413482
842,0.12941353
843,0.34291238
844,0.03351329
845,0.3935
846,0.5281433
847,0.83059883
848,0.022593413
849,0.24220385
850,0.34899202
851,0.11460887
852,0.03351329
853,0.25050712
854,0.22114322
855,0.056407772
856,0.50527966
857,0.15212749
858,0.66775095
859,0.013574626
860,0.50245327
861,0.118573576
862,0.114952095
863,0.5687353
864,0.20622887
865,0.031716757
866,0.05217
867,0.42418352
868,0.1975728
869,0.41805375
870,0.6722539
871,0.11138767
872,0.106940165
873,0.4544017
874,0.64084566
875,0.48207173
876,0.2802297
877,0.069785684
878,0.039965965
879,0.12738349
880,0.14906798
881,0.07672726
882,0.011978175
883,0.75784403
884,0.03389381
885,0.33633322
886,0.24092081
887,0.038821958
888,0.064798035
889,0.29266268
890,0.2877572
891,0.11471722
892,0.01317668
893,0.6872857
894,0.05206506
895,0.017751815
896,0.04033608
897,0.41362345
898,0.053299293
899,0.7389322
900,0.02294586
901,0.24091692
902,0.13958488
903,0.07414623
904,0.17225522
905,0.013583305
906,0.53386825
907,0.009908317
908,0.039333798
909,0.7136133
910,0.02317123
911,0.016906297
912,0.012177815
913,0.47852296
914,0.19988506
915,0.04882164
916,0.67401385
917,0.46154743
918,0.30413482
919,0.7415572
920,0.19723842
921,0.78200364
922,0.16855715
923,0.06351395
924,0.5145146
925,0.105753504
926,0.11966084
927,0.3003632
928,0.09408142
929,0.16563252
930,0.7582964
931,0.48093137
932,0.7583627
933,0.049481988
934,0.11881536
935,0.06341558
936,0.013953133
937,0.31935266
938,0.15336
939,0.032460727
940,0.006085792
941,0.7136586
942,0.5836374
943,0.00909569
944,0.1394192
945,0.7002202
946,0.31746
947,0.048319697
948,0.06971593
949,0.36684152
950,0.73116696
951,0.049481988
952,0.31469992
953,0.4111747
954,0.21426983
955,0.15967122
956,0.12358247
957,0.40420738
958,0.043498185
959,0.113227904
960,0.28973138
961,0.44785818
962,0.15227753
963,0.03485234
964,0.53226215
965,0.74317217
966,0.11811007
967,0.024458416
968,0.10646578
969,0.04806313
970,0.023452811
971,0.039514568
972,0.40218684
973,0.12543507
974,0.01273212
975,0.4446067
976,0.11747961
977,0.092330486
978,0.35775176
979,0.042849172
980,0.6958236
981,0.0839691
982,0.35816133
983,0.006776975
984,0.60401267
985,0.062129583
986,0.060768683
987,0.5668146
988,0.34354898
989,0.051370993
990,0.6616053
991,0.57372016
992,0.24629533
993,0.105753504
994,0.6434107
995,0.38322505
996,0.1583025
997,0.012496594
998,0.8342772
999,0.0074023413
1000,0.03696326
1001,0.2522673
1002,0.30413482
1003,0.21413262
1004,0.4528888
1005,0.01317668
1006,0.023914445
1007,0.08760149
1008,0.080512725
1009,0.19615161
1010,0.6536744
1011,0.34244674
1012,0.14341229
1013,0.20273758
1014,0.21858984
1015,0.032510415
1016,0.011978175
1017,0.12550542
1018,0.5598365
1019,0.8031602
1020,0.6357773
1021,0.016158571
1022,0.18214527
1023,0.022867475
1024,0.09922461
1025,0.84638715
1026,0.48676684
1027,0.08200233
1028,0.057385042
1029,0.6735615
1030,0.23565285
1031,0.013047364
1032,0.08227827
1033,0.13642558
1034,0.09408024
1035,0.54433626
1036,0.51993275
1037,0.134861
1038,0.31769678
1039,0.013983139
1040,0.47487774
1041,0.27645335
1042,0.48649073
1043,0.01244956
1044,0.08636798
1045,0.012587414
1046,0.014934118
1047,0.20747957
1048,0.73162615
1049,0.0542477
1050,0.19397265
1051,0.19816604
1052,0.120782316
1053,0.06337316
1054,0.014109832
1055,0.0436796
1056,0.10663284
1057,0.117422484
1058,0.1279634
1059,0.55594575
1060,0.35994557
1061,0.07436109
1062,0.09775085
1063,0.043052237
1064,0.12366677
1065,0.33051473
1066,0.055565212
1067,0.17146046
1068,0.015198003
1069,0.014760485
1070,0.05667538
1071,0.12254636
1072,0.08573036
1073,0.159791
1074,0.029847117
1075,0.020752449
1076,0.06575237
1077,0.41902503
1078,0.19030435
1079,0.6006506
1080,0.03699643
1081,0.8286646
1082,0.4738591
1083,0.06300563
1084,0.57562006
1085,0.3390843
1086,0.41371435
1087,0.052740946
1088,0.6990438
1089,0.7598887
1090,0.12496175
1091,0.6217016
1092,0.045916915
1093,0.6631566
1094,0.32748988
1095,0.057761904
1096,0.023115521
1097,0.18016344
1098,0.24180223
1099,0.14552425
1100,0.47276884
1101,0.33659557
1102,0.19899407
1103,0.03471094
1104,0.029944357
1105,0.12545326
1106,0.017473845
1107,0.04697048
1108,0.013936563
1109,0.28185606
1110,0.64448225
1111,0.051244743
1112,0.0057774982
1113,0.15068364
1114,0.053219363
1115,0.4582111
1116,0.20656273
1117,0.098001294
1118,0.043309715
1119,0.12353841
1120,0.10447551
1121,0.15309268
1122,0.34281865
1123,0.43452653
1124,0.022593413
1125,0.020145992
1126,0.33810952
1127,0.44386476
1128,0.14196362
1129,0.38712177
1130,0.28746104
1131,0.041091066
1132,0.07961482
1133,0.22876139
1134,0.7376582
1135,0.665357
1136,0.00986406
1137,0.045527764
1138,0.49906006
1139,0.015382442
1140,0.5844923
1141,0.55909777
1142,0.09584145
1143,0.13339518
1144,0.46788046
1145,0.309543
1146,0.10410652
1147,0.17709368
1148,0.014360757
1149,0.04350847
1150,0.29471126
1151,0.34244674
1152,0.5061928
1153,0.013311356
1154,0.1623533
1155,0.08859085
1156,0.012304843
1157,0.1583025
1158,0.51349956
1159,0.83216155
1160,0.012110872
1161,0.25945002
1162,0.23194571
1163,0.21093789
1164,0.017230008
1165,0.5546796
1166,0.19760136
1167,0.01484064
1168,0.1553656
1169,0.005630011
1170,0.09415371
1171,0.03518072
1172,0.21298155
1173,0.08407185
1174,0.11052173
1175,0.63462967
1176,0.1872492
1177,0.029451897
1178,0.4686147
1179,0.06606334
1180,0.038758352
1181,0.012177815
1182,0.24672644
1183,0.09177645
1184,0.10149174
1185,0.16512676
1186,0.61709255
1187,0.54202837
1188,0.009383898
1189,0.11052173
1190,0.16247515
1191,0.031059245
1192,0.25247908
1193,0.47497115
1194,0.5282879
1195,0.08149635
1196,0.14053375
1197,0.11058091
1198,0.043267947
1199,0.27853838
1200,0.056311343
1201,0.030523557
1202,0.024928313
1203,0.5238778
1204,0.33995366
1205,0.25656152
1206,0.6011029
1207,0.09299985
1208,0.4293079
1209,0.08891787
1210,0.38884062
1211,0.045086943
1212,0.07449638
1213,0.8345464
1214,0.14072058
1215,0.35128698
1216,0.2249872
1217,0.62764865
1218,0.25751975
1219,0.08410285
1220,0.014088217
1221,0.32127625
1222,0.81357837
1223,0.34331554
1224,0.0212829
1225,0.40228802
1226,0.7415572
1227,0.63298535
1228,0.47174758
1229,0.8475798
1230,0.013583305
1231,0.64163417
1232,0.63421017
1233,0.4427696
1234,0.18102558
1235,0.014264913
1236,0.88252014
1237,0.55312794
1238,0.5122818
1239,0.017044006
1240,0.21998523
1241,0.06871405
1242,0.014088217
1243,0.71221685
1244,0.013264584
1245,0.0967375
1246,0.36660445
1247,0.13776538
1248,0.111545786
1249,0.124830864
1250,0.04108191
1251,0.30612248
1252,0.01146383
1253,0.87593806
1254,0.15191333
1255,0.012523508
1256,0.6152162
1257,0.57611483
1258,0.011704163
1259,0.38905218
1260,0.7977388
1261,0.035893153
1262,0.2163953
1263,0.35253516
1264,0.23316845
1265,0.36602995
1266,0.46778485
1267,0.32532534
1268,0.5694459
1269,0.3402411
1270,0.024378343
1271,0.024880849
1272,0.12101261
1273,0.039934624
1274,0.014363691
1275,0.20209005
1276,0.013473187
1277,0.0062527806
1278,0.045462362
1279,0.303915
1280,0.026699075
1281,0.50555307
1282,0.77826893
1283,0.3057605
1284,0.5977681
1285,0.09275441
1286,0.06534276
1287,0.5283221
1288,0.57226676
1289,0.031127643
1290,0.17225522
1291,0.5528654
1292,0.10086717
1293,0.02846695
1294,0.25569078
1295,0.443322
1296,0.07026291
1297,0.24263938
1298,0.4466748
1299,0.55914146
1300,0.67688346
1301,0.7977388
1302,0.07463216
1303,0.634607
1304,0.18679015
1305,0.07235539
1306,0.22165637
1307,0.085221395
1308,0.20678455
1309,0.8271345
1310,0.15070084
1311,0.47732675
1312,0.39392197
1313,0.03795653
1314,0.036305126
1315,0.30137292
1316,0.011978175
1317,0.44929573
1318,0.04660073
1319,0.012807015
1320,0.16688718
1321,0.01555849
1322,0.40229574
1323,0.27457994
1324,0.10427086
1325,0.44073036
1326,0.55312717
1327,0.11028437
1328,0.706443
1329,0.27077273
1330,0.7616765
1331,0.16360854
1332,0.18939938
1333,0.1469901
1334,0.014088217
1335,0.60278046
1336,0.030114712
1337,0.64031744
1338,0.01273212
1339,0.70847714
1340,0.03795653
1341,0.25050712
1342,0.015048946
1343,0.102122344
1344,0.027194368
1345,0.10901378
1346,0.08249423
1347,0.013983139
1348,0.7315864
1349,0.015823485
1350,0.038821958
1351,0.04003115
1352,0.04645857
1353,0.37154412
1354,0.3020663
1355,0.5862028
1356,0.108893506
1357,0.40851375
1358,0.0167907
1359,0.20511669
1360,0.21530455
1361,0.11344682
1362,0.54153776
1363,0.016125146
1364,0.18679015
1365,0.4719445
1366,0.21874408
1367,0.038361497
1368,0.23748273
1369,0.10214566
1370,0.07258079
1371,0.74297464
1372,0.019706026
1373,0.14513518
1374,0.024730366
1375,0.24785568
1376,0.09584145
1377,0.44351757
1378,0.31308657
1379,0.14841042
1380,0.71335375
1381,0.54024017
1382,0.368299
1383,0.01244956
1384,0.49562237
1385,0.71474564
1386,0.66744554
1387,0.08297412
1388,0.6040079
1389,0.5673208
1390,0.5073535
1391,0.03793183
1392,0.69708
1393,0.09736181
1394,0.013453003
1395,0.4738762
1396,0.07860335
1397,0.013809325
1398,0.22647841
1399,0.19185369
1400,0.2999778
1401,0.04806313
1402,0.38905218
1403,0.013809325
1404,0.15169448
1405,0.107726805
1406,0.31469992
1407,0.40229574
1408,0.11460887
1409,0.005853053
1410,0.056212462
1411,0.0082430765
1412,0.37115085
1413,0.62142116
1414,0.037680224
1415,0.081539184
1416,0.18014741
1417,0.014759278
1418,0.112232946
1419,0.32249612
1420,0.075311
1421,0.012864856
1422,0.017304482
1423,0.01314003
1424,0.10433715
1425,0.0488226
1426,0.03829948
1427,0.10021283
1428,0.7145691
1429,0.3133025
1430,0.19741231
1431,0.25875652
1432,0.22265062
1433,0.029169897
1434,0.72470057
1435,0.26747844
1436,0.29505834
1437,0.16991532
1438,0.4415971
1439,0.38641456
1440,0.30413482
1441,0.52782696
1442,0.15617959
1443,0.6372419
1444,0.19599064
1445,0.23003481
1446,0.26264834
1447,0.17335495
1448,0.13602448
1449,0.86579436
1450,0.0629726
1451,0.70136404
1452,0.5353341
1453,0.0082430765
1454,0.2011584
1455,0.08130902
1456,0.08042748
1457,0.20547959
1458,0.2461286
1459,0.81827337
1460,0.7568315
1461,0.010236184
1462,0.013807559
1463,0.30413482
1464,0.40145516
1465,0.56912565
1466,0.046487443
1467,0.01885997
1468,0.022593413
1469,0.40963885
1470,0.24082759
1471,0.045428976
1472,0.32622218
1473,0.3618394
1474,0.26266912
1475,0.7847496
1476,0.05151571
1477,0.012629414
1478,0.27635756
1479,0.3519356
1480,0.025832232
1481,0.42632708
1482,0.015138838
1483,0.0706641
1484,0.17385156
1485,0.3003632
1486,0.030863432
1487,0.10799333
1488,0.30058536
1489,0.1851428
1490,0.6434107
1491,0.011877826
1492,0.0067999563
1493,0.18645276
1494,0.7036207
1495,0.40475637
1496,0.30816767
1497,0.14747891
1498,0.26192382
1499,0.15873638
1500,0.03471094
1501,0.055394176
1502,0.012523508
1503,0.13284478
1504,0.88880855
1505,0.34331554
1506,0.7006602
1507,0.1711247
1508,0.6326022
1509,0.43707561
1510,0.10406123
1511,0.028247437
1512,0.1013044
1513,0.22848009
1514,0.031847864
1515,0.393398
1516,0.08389022
1517,0.58077955
1518,0.33444744
1519,0.12210705
1520,0.029772922
1521,0.12732142
1522,0.019932132
1523,0.21567681
1524,0.01758246
1525,0.53523463
1526,0.1002133
1527,0.71628696
1528,0.10705907
1529,0.55344486
1530,0.1663496
1531,0.082250275
1532,0.013583305
1533,0.20007306
1534,0.036046684
1535,0.19596572
1536,0.056063127
1537,0.34791985
1538,0.012164897
1539,0.40913302
1540,0.050103147
1541,0.6425573
1542,0.32450446
1543,0.011402644
1544,0.035954908
1545,0.5488298
1546,0.1467909
1547,0.24898575
1548,0.47150394
1549,0.064761534
1550,0.8329156
1551,0.54223984
1552,0.4637322
1553,0.013264584
1554,0.008348547
1555,0.047040295
1556,0.29839668
1557,0.5908652
1558,0.07076318
1559,0.015668046
1560,0.3316252
1561,0.014852782
1562,0.049481988
1563,0.50370526
1564,0.14108345
1565,0.19759528
1566,0.036712427
1567,0.07551327
1568,0.75149024
1569,0.020105481
1570,0.33779484
1571,0.052332655
1572,0.2584571
1573,0.022403436
1574,0.51515925
1575,0.85166436
1576,0.045626912
1577,0.080494456
1578,0.20558046
1579,0.32970223
1580,0.7621587
1581,0.046042874
1582,0.31469992
1583,0.017513003
1584,0.5302179
1585,0.4776251
1586,0.024084663
1587,0.10129853
1588,0.012807015
1589,0.39108124
1590,0.31865948
1591,0.372643
1592,0.8469437
1593,0.2076426
1594,0.012388294
1595,0.33383998
1596,0.16539237
1597,0.11028437
1598,0.123255596
1599,0.40240675
1600,0.5758978
1601,0.35717317
1602,0.6462646
1603,0.6128275
1604,0.027346795
1605,0.109165736
1606,0.10613486
1607,0.21657379
1608,0.036494356
1609,0.53682715
1610,0.049258433
1611,0.26245102
1612,0.7705271
1613,0.15153274
1614,0.23261534
1615,0.17630751
1616,0.21739255
1617,0.12930593
1618,0.40932012
1619,0.4435536
1620,0.025354585
1621,0.30443028
1622,0.044011798
1623,0.41399628
1624,0.0326205
1625,0.049313474
1626,0.014696803
1627,0.06396858
1628,0.45629016
1629,0.206909
1630,0.1046369
1631,0.03395309
1632,0.3050628
1633,0.11344682
1634,0.08176108
1635,0.014897172
1636,0.0142866
1637,0.8892481
1638,0.63681024
1639,0.44449297
1640,0.51359385
1641,0.16807123
1642,0.05775961
1643,0.15531886
1644,0.2628218
1645,0.32947534
1646,0.038882196
1647,0.30911994
1648,0.1708231
1649,0.5149328
1650,0.060245898
1651,0.113227904
1652,0.14959444
1653,0.69697505
1654,0.039945852
1655,0.3249511
1656,0.039098218
1657,0.034744825
1658,0.044246797
1659,0.37096685
1660,0.26125363
1661,0.012363401
1662,0.012568192
1663,0.3267999
1664,0.1583025
1665,0.8389002
1666,0.18335503
1667,0.14106905
1668,0.032660138
1669,0.05985121
1670,0.8291073
1671,0.39229247
1672,0.07902765
1673,0.13128565
1674,0.050845385
1675,0.3350251
1676,0.4482088
1677,0.02498988
1678,0.35867336
1679,0.19191787
1680,0.13939366
1681,0.021127386
1682,0.6069857
1683,0.34594616
1684,0.51953375
1685,0.01587359
1686,0.71932954
1687,0.25777695
1688,0.3903393
1689,0.047575954
1690,0.031014869
1691,0.39551237
1692,0.11225609
1693,0.41100127
1694,0.08154507
1695,0.19606474
1696,0.4227458
1697,0.21587396
1698,0.0731761
1699,0.1259791
1700,0.036438253
1701,0.17569777
1702,0.03897267
1703,0.04250099
1704,0.6459048
1705,0.14337863
1706,0.47310898
1707,0.25966847
1708,0.5489093
1709,0.53193045
1710,0.01314003
1711,0.38905218
1712,0.034260176
1713,0.5433087
1714,0.1007729
1715,0.013809325
1716,0.3181361
1717,0.0149685135
1718,0.016563015
1719,0.32596216
1720,0.014264913
1721,0.6518177
1722,0.45266995
1723,0.013809325
1724,0.7689112
1725,0.39977604
1726,0.46782607
1727,0.08388126
1728,0.037542917
1729,0.7201522
1730,0.6680937
1731,0.5238778
1732,0.4007072
1733,0.07765703
1734,0.323041
1735,0.37165308
1736,0.08044799
1737,0.5863883
1738,0.037542917
1739,0.014256815
1740,0.6060273
1741,0.19569756
1742,0.0065189563
1743,0.2634934
1744,0.015453663
1745,0.016909871
1746,0.2900757
1747,0.026573315
1748,0.09808118
1749,0.012788917
1750,0.327635
1751,0.53373593
1752,0.24147946
1753,0.71292704
1754,0.0488226
1755,0.061783355
1756,0.13870257
1757,0.016224314
1758,0.79966164
1759,0.569954
1760,0.012029239
